label1,label2,label1,label2,sentence,filename,sentid
,,5-,,Zonde van je tijd en je geld .,output_part00017.sents.gz,6606_1.p.1.s.4
,,,,Ik vraag me af waarom de auteur hiervoor gekozen heeft .,output_part00061.sents.gz,21212_1.p.3.s.3
,,,,Gevoelens van pure haat die bovendien in een dag omslaan naar innige verlangens .,output_part00017.sents.gz,12098_1.p.4.s.2
2,,2+,,De ingrediënten waren zo veelbelovend .,output_part00017.sents.gz,8836_1.p.2.s.1
2-,,2-,,"Geen best uitgangspunt , volgende keer toch maar van tevoren een plot opstellen en uitdenken .",output_part00021.sents.gz,9230_1.p.5.s.3
5-,,4-,,Het nodigt er niet toe uit om het boek te kopen of lezen .,output_part00016.sents.gz,4960_1.p.2.s.5
1-,,1-,2-,Ik veronderstel dat het gewoon niet mijn favoriete schrijfstijl is ; ik hou van boeken waarbij de aktie vrij snel begint en ik vond dat in dit boek niet echt het geval .,output_part00005.sents.gz,10188_1.p.1.s.4
2-,,2,,Ondanks het ongelofelijk pijnlijke en persoonlijke onderwerp blijft het vlak .,output_part00025.sents.gz,18344_1.p.2.s.4
2-,,2-,,Hiernaast is de plot ( hoe Osewoudt wordt meegezogen in het wereldje van Dorbeck ) maar weinig aansprekend en al helemaal niet geloofwaardig .,output_part00025.sents.gz,12402_1.p.1.s.6
2-,3,2-,3,"De eerste helft wordt opgevuld met een totaal irrelevant verhaal , waarin het vooral de bedoeling is ( veronderstel ik ) om de hoofdpersonages en hun interesses ( vooral whisky en tango ) breed uit te smeren .",output_part00001.sents.gz,328_1.p.1.s.2
1,,1,,Ook de opbouw van het boek lijkt veel op die van Dans van Schaduwen .,output_part00021.sents.gz,10016_1.p.1.s.19
4+,,4+,,De tekst op de achterkand van het boek trok mijn aandacht nog meer .,output_part00004.sents.gz,13162_1.p.1.s.3
,,,,Ook akkoord met zijn recensie .,output_part00008.sents.gz,4352_1.p.1.s.4
5-,,,,Ik heb het uitgelezen omdat ik wilde weten waar al die goede recensies voor waren maar ik heb het er niet in kunnen ontdekken .,output_part00004.sents.gz,12214_1.p.4.s.4
5-,,5-,,"Voor de leesclub dit boek gelezen ook al had ik me niet opgegeven , ik ontving toch het boek en besloot dan toch maar mee te lezen , misschien zou ik aangenaam worden verrast , maar helaas dat is niet het geval .",output_part00016.sents.gz,5370_1.p.1.s.1
5-,,,,"Aangezien alles zo vergezocht is , voel je je als lezer nergens betrokken .",output_part00020.sents.gz,17928_1.p.1.s.11
5-,,5-,,Ik moest me dan ook met moeite door het boek heen worstelen .,output_part00012.sents.gz,15240_1.p.1.s.2
3,,3,,Er zijn ongelooflijk veel dialogen en de hoofdpersonages leer je feitelijk door de gesprekken heen kennen want ze worden niet behoorlijk geïntroduceerd .,output_part00023.sents.gz,11350_1.p.3.s.3
5-,,5-,,"Heel zelden komt het voor dat je een boek tegenkomt , dat je uit ergernis uit het raam zou willen smijten .",output_part00005.sents.gz,12434_1.p.1.s.1
5-,,5-,,"Het kon me niet boeien , vond het rommelig en warrig .",output_part00019.sents.gz,3232_1.p.1.s.2
,,,,"Sorry , niets van teruggevonden .",output_part00028.sents.gz,11036_1.p.1.s.4
5-,,5-,,De kangoeroekronieken heeft een wat rommelig geheel .,output_part00006.sents.gz,104_1.p.7.s.1
5,,,,Het boek Ik hou je in de gaten van Joy Fielding is vandaag aan de beurt en oei heb ik daar wat over te vertellen .,output_part00006.sents.gz,18710_1.p.2.s.2
,,,,Is dit wel door dezelfde mensen geschreven ?,output_part00027.sents.gz,2608_1.p.1.s.5
1+,3,,,"Dat is beter in elkaar gezet , geeft een eerlijker beeld en bovendien laten ze mensen aan het woord  ook gevangenen  die een zin kunnen uitspreken zonder vloek- , scheld- of schuttingwoorden .",output_part00009.sents.gz,6808_1.p.1.s.21
5+,,5+,,Het eerste hoofdstuk was erg leuk en beloofde veel leesplezier verder .,output_part00008.sents.gz,17326_1.p.3.s.2
,,,,Dan Brown is zijn hype voorbij,output_part00004.sents.gz,16044_1.p.1.s.6
3,2,,,"Hij lijkt mysterieus te willen zijn wanneer hij een vrouw verovert , maar diezelfde mysteries blijven niet alleen voor de betreffende vrouw onopgehelderd .",output_part00008.sents.gz,8868_1.p.1.s.14
5+,2,5+,,"Het boek leest wel heel goed weg , al is er vanaf het begin een lugubere ondertoon .",output_part00014.sents.gz,11770_1.p.1.s.2
,,,,Een beperkte selectie van journalisten maakt deel uit van de redactie en verzint onderwerpen om over te schrijven .,output_part00018.sents.gz,17570_1.p.1.s.4
,,,,"Richard Preston , broer van de ook in Nederland zeer populaire Douglas , mocht zich buigen over de vele aantekeningen die de altijd goed geïnformeerde Crichton bij het onvoltooide manuscript had gevoegd .",output_part00017.sents.gz,10984_1.p.1.s.4
2,3,,,"Ze ondernemen een tochtje naar de Provence , een omgeving waar Pierre ooit heel gelukkig was met de moeder van Sonny .",output_part00008.sents.gz,14480_1.p.7.s.2
3,1,,,Het verhaal van Gijs wordt namelijk vertelt vanuit de derde persoon .,output_part00003.sents.gz,16906_1.p.2.s.4
,,,,""" Gefeliciteerd , prinsesje van me !",output_part00064.sents.gz,21644_1.p.7.s.2
,,,,"Die volg ik bijna altijd blindelings , maar helaas zit er dus ook wel eens een miskleun tussen .",output_part00005.sents.gz,1204_1.p.1.s.4
4-,2,,,"De "" achterflap "" van een boek dekt zelden de lading , en prijst een boek hoger dan de werkelijkheid .",output_part00015.sents.gz,868_1.p.1.s.1
2,,,,Eigenlijk raakt Meta Gemert veel actuele problematiek en andere thema’s aan .,output_part00010.sents.gz,18204_1.p.2.s.7
,,,,"Ze heeft ongetwijfeld gelijk , want zij kent zowel haar vader als Atlas .",output_part00008.sents.gz,7210_1.p.12.s.2
5,2,,,Ik ben eraan begonnen met het gedacht in een top-romantisch verhaal te belanden .,output_part00014.sents.gz,15700_1.p.1.s.2
3,2-,3-,,"Uiteraard is het allemaal tragisch en bijzonder wat Liesabeth is overkomen , maar persoonlijk zit ik er helemaal niet om te springen om ruim 300 bladzijden over het leed van een wildvreemde te lezen .",output_part00008.sents.gz,16250_1.p.1.s.2
2-,,,,"Columbine en Virginia Tech klasseren onder seriemoorden gaat me net iets te ver en ook Anders Breivik lijkt , hoe gruwelijk zijn daden ook waren , gecast in het verkeerde boek .",output_part00026.sents.gz,5594_1.p.3.s.4
2,,3,,"Tiedemann vult pagina na pagina met gesprekken tussen politici , waarvan Ariel er een is , en met details ook over bedrijfsstructuren die zijn opgezet .",output_part00016.sents.gz,16414_1.p.3.s.4
2,4,4,,"Dit Splinters-verhaal werd als een genreverhaal gepresenteerd , zowel via de uitgever als via de Paul Harland Prijs waar het aan deel heeft genomen ( 22e plaats , 2014 ) .",output_part00028.sents.gz,6160_1.p.1.s.1
,,,,Ik heb ongeveer 3000 boeken van bijna alle belangrijke schrijvers .,output_part00018.sents.gz,7778_1.p.1.s.1
2,5-,5-,,"Ik heb het enkel uitgelezen omdat deze past in de categorie doorbraakboek van dit jaars reading challenge … Ik vond het een heel saai boek , helemaal niet spannend .",output_part00026.sents.gz,6062_1.p.1.s.2
2-,1-,1-,,"Door te weinig verdieping , Arabische woorden/kreten waarvan ik zonder woordenboek de betekenis niet ken en veel erg korte zinnen , bijna telegramstijl , ben ik halverwege afgehaakt .",output_part00026.sents.gz,2592_1.p.1.s.1
5-,1-,2-,,"Een volstrekt ongeloofwaardig verhaal , veel vervelende oudemannen humor , veel te lang .",output_part00023.sents.gz,19436_1.p.1.s.2
5+,,2+,,Het verhaal heeft zeker potentie .,output_part00061.sents.gz,21880_1.p.5.s.1
2+,5-,,,Enkel het moment waarbij de 'Dimitri'-connection aan bod komt laat de bladzijden wat vlugger omslaan .,output_part00024.sents.gz,3452_1.p.1.s.3
3-,1-,3-,,De relatie tussen de schout en zijn chef is een karikatuur en de verhouding tussen de elite en hun zwoegende bedienden blinkt niet uit in enige nuancering .,output_part00018.sents.gz,4934_1.p.1.s.16
2,,,,Aan het eind van het boek weet je zelfs dat de caissière in de supermarkt haar haren graag föhnt .,output_part00002.sents.gz,19410_1.p.7.s.3
2,,,,Telkens als Carole even in rustig vaarwater zat en bv. op een feestje verkeerde kon je op je klompen aanvoelen dat de boef zich binnen 1 pagina weer liet zien ... en ja hoor ... daar was hij weer !,output_part00005.sents.gz,11564_1.p.1.s.12
,,,,Misschien is er dus toch nog enige hoop en heeft Rolf gewoon voor het verkeerde genre gekozen .,output_part00013.sents.gz,7362_1.p.3.s.3
,,3,,Neem een vrouwelijke hoofdpersoon .,output_part00015.sents.gz,14364_1.p.1.s.2
,,,,"( Biblion recensie , Henk Kisteman . )",output_part00019.sents.gz,4668_1.p.2.s.19
2,,,,"Over verbazing gesproken : een gemoedstoestand die ( te ) veel voorkomt in "" De Deal "" .",output_part00017.sents.gz,19186_1.p.5.s.3
,,5,,Las iemand van jullie het boek wel uit ?,output_part00005.sents.gz,4746_1.p.4.s.2
3,,3,,Samen met de andere hoofdfiguren Tony Ravioli ( ober ) en Billy Bongo alias Ko de kwaadste ( zowel schattig als crimineel ) beleven ze aardig wat avonturen in alweer deel drie van de Foxy en Alfonso-serie .,output_part00005.sents.gz,6632_1.p.1.s.5
2,,2,,"De meeste gegevens , waarop het verhaal is gebaseerd , heb ik jaren geleden reeds in andere boeken gelezen , waaronder De jacht op de Heilige Graal , verschenen in 2000 ( ISBN 90 215 9572 9 ) .",output_part00020.sents.gz,19356_1.p.1.s.1
,,2,,Tot slot de feiten waarop het verhaal zich baseert .,output_part00003.sents.gz,1734_1.p.5.s.1
2,,2,,Het is een geliefd onderwerp in young adultboeken : de mysterieuze mogelijkheden van magie .,output_part00023.sents.gz,19930_1.p.1.s.1
2-,,2-,,"De ‘ geschiedenis van de zussen Mitford ’ , zoals de ondertitel van het boek luidt , geeft een onsamenhangende opeenstapeling van feiten , van interpretaties van de biografe , van roddels en van ‘ ’ horen zeggen ’ , van onwaarschijnlijke verbanden en conclusies .",output_part00020.sents.gz,18294_1.p.1.s.9
5-,,5-,,"Op bladzijde 200 begon het mij ook echt te irriteren , en ben ik na 255 bladzijdes te hebben gelezen gestopt .",output_part00021.sents.gz,17980_1.p.5.s.8
2-,,5-,,Dit boek slaagt er evenmin in om me te overtuigen dat ‘ Haar naam was Sarah ’ geen toevalstreffer was .,output_part00012.sents.gz,3604_1.p.1.s.3
2,3,,,"Hij geeft muziekles voor de kost , woont in een antikraakpand en heeft een relatie met Sylvia .",output_part00010.sents.gz,18204_1.p.1.s.13
,,,,"‘ Je hebt een mooi karakter , maar daar heb je in bed niks aan . ’",output_part00063.sents.gz,21680_1.p.3.s.4
2,3,,,Ze vindt werk als dienstmeisje bij een medewerkster van de regering en komt zo meer te weten over het bestuur van het land .,output_part00011.sents.gz,5634_1.p.2.s.3
2,,,,"Of dat er in België kinderen werden vermoord omdat de kwade machten gefrustreerd waren dat ze niet bij Monica , die zwanger is van het Reddende Kind , konden komen .",output_part00011.sents.gz,10974_1.p.1.s.23
5,,,,Na alle goed recensies dit boek gaan lezen .,output_part00024.sents.gz,7292_1.p.1.s.1
,,3,,"En dat is alles waar we in geinteresseerd zijn als lezer ; de karakters in het boek , wie ze zijn , hun achtergrond etc.",output_part00009.sents.gz,2948_1.p.2.s.4
2-,,,,Het einde van een tijdperk wordt erg eenzijdig ingevuld vanuit een vals soort nationalisme dat geen recht doet aan de complexe werkelijkheid .,output_part00028.sents.gz,1688_1.p.1.s.7
2-,,2-,,Dit boek staat voor mij vol met trucjes en was voor mij geen verhaal met een plot .,output_part00023.sents.gz,14946_1.p.1.s.1
,,,,Had hiervoor tegengif gelezen en was razend enthousiast .,output_part00025.sents.gz,11494_1.p.1.s.2
,,2,,"Twee waargebeurde verhalen worden met elkaar verweven door het kookboek ‘ De Kunst van het Koken ’ van Julia Child , die één van de eerste tv-koks was van de wereld met haar tv-programma ‘ The French Chef ’ ' .",output_part00001.sents.gz,7246_1.p.1.s.2
5-,,2-,,Ik heb dit boek voor een poosje terug gelezen en vond het een oninteressant boek zonder inhoud .,output_part00027.sents.gz,14142_1.p.1.s.1
2,3,3,,Zo komen er een paar mannelijke zijfiguren voorbij met wie dominee Ingrid contact krijgt .,output_part00022.sents.gz,14660_1.p.2.s.13
2,3,2,,"Het boek gaat over Aldo , die allerlei zaken onderneemt die echter geen van allen goed aflopen .",output_part00023.sents.gz,286_1.p.1.s.6
5,,4,,Het lijkt wel een boeketreeksje .,output_part00012.sents.gz,3220_1.p.1.s.2
5-,,5-,,"Dit is wel het meest slecht door te komen boek , die ik ooit heb gelezen .",output_part00017.sents.gz,14522_1.p.5.s.3
2-,,,,Maar geen enkel van deze gegevens wordt fatsoenlijk uitgewerkt .,output_part00012.sents.gz,6708_1.p.1.s.15
5,,2,,Mogelijk zijn er enkele dingen van de inhoud waar .,output_part00011.sents.gz,4998_1.p.1.s.3
2-,,,,Maar heel dat gedoe met de gijzeling kon me niet boeien .,output_part00021.sents.gz,9938_1.p.1.s.7
5,,,,"Alhoewel dit bloedserieus bedoeld is , laat het werk zich nog het beste als een pastiche lezen .",output_part00027.sents.gz,15766_1.p.1.s.6
,,,,"Ik voelde me landerig , duizelig , en overwoog maar weer eens naar de dokter te gaan . """,output_part00019.sents.gz,14860_1.p.4.s.6
5,,5,,Moet het boek dan worden gelezen als een dijenkletser ?,output_part00002.sents.gz,16126_1.p.6.s.7
5-,,,,Brown wordt slechter met elk boek .,output_part00023.sents.gz,16034_1.p.1.s.2
1,,1,,"Een andere opmerkelijke vaststelling is dat de hoofdstukken aflopend genummerd zijn : het is niet alledaags dat een boek begint met hoofdstuk 99 en eindigt met hoofdstuk 0 , en die alle ook nog eens een titel dragen waarvan de logica voor de niet-amateurastronomen onder ons pas op de laatste bladzijde duidelijk wordt .",output_part00012.sents.gz,6708_1.p.1.s.11
1-,,1-,,Te veel opsomming en niet vloeiend te lezen .,output_part00013.sents.gz,3610_1.p.1.s.5
2-,,2-,,Daar snap ik helemaal niets van want de afloop kon je van mijlenver al aan zien komen .,output_part00006.sents.gz,13482_1.p.1.s.9
1,,,,"Dit leidt , uiteraard , tot een erg ‘ tekstige ’ strip .",output_part00019.sents.gz,12620_1.p.2.s.4
,,,,"En dit nog los van het volslagen onbegrip van de argeloze lezer , die ooit wel eens van mw. Cornwell gehoord heeft en denkt : Kom , we proberen eens wat nieuws na de vakantie .",output_part00005.sents.gz,156_1.p.1.s.4
3,,,,"Andrew moet zich daar tegen wil en dank in verdiepen , om zijn medeleerlingen en zichzelf te beschermen .",output_part00016.sents.gz,7916_1.p.1.s.19
5-,,5-,,Ik ben op pagina 120 beland en heb nog geen moment gedacht dat ik een boek las dat wordt beschreven als een ster aan het literaire firmament .,output_part00022.sents.gz,7622_1.p.1.s.2
3-,,,,Voeg daar dan ook nog de belachelijke dominee aan toe ...,output_part00007.sents.gz,13998_1.p.2.s.8
,,,,Ik vrees dat ik de nog te verschijnen delen links zal laten liggen .,output_part00003.sents.gz,15354_1.p.1.s.2
,,,,Ook hier is er plaats voor wetenschap maar met een doel .,output_part00027.sents.gz,8856_1.p.4.s.2
3,,,,Hij denkt na over zijn tijd in de gevangenis .,output_part00063.sents.gz,21898_1.p.1.s.5
5-,,5-,,"Mijn verwachtingen waren hooggespannen , maar jammer genoeg heb ik het boek puur op wilskracht moeten uitlezen .",output_part00022.sents.gz,14044_1.p.1.s.2
2-,,,,Het onderzoek met behulp van nietszeggende cryptogrammen en goedbedoelde prietpraat is te vermoeiend voor woorden ...,output_part00017.sents.gz,2728_1.p.2.s.15
,,,,"Hoewel ze er slecht aan toe is , vergaat het haar heel goed in het stadje .",output_part00006.sents.gz,16838_1.p.1.s.2
2-,,2-,,"Nu zijn er meerdere thema’s die uiteindelijk wel met elkaar te maken hebben in dit boek , maar die mij als lezer niet duidelijk alles verteld en dat vind ik jammer .",output_part00021.sents.gz,11034_2.p.1.s.6
2,,2-,,Een zwaarmoedige atmosfeer domineert constant en leidt uiteindelijk in het geval van Mari tot een geforceerd dramatische ontknoping .,output_part00061.sents.gz,21616_2.p.2.s.8
2,3,,,"Anju , dochter van een Nederlandse vader en een Indiase moeder , groeit op in India .",output_part00016.sents.gz,1110_2.p.1.s.1
,,5+,,Deel 1 was nog wel leuk om te lezen .,output_part00061.sents.gz,21850_2.p.1.s.5
,,,,In ieder geval voor een audioboek .,output_part00023.sents.gz,15244_2.p.1.s.6
1-,,1-,,Qua schrijfstijl valt Higgins soms wat in herhaling .,output_part00026.sents.gz,11726_2.p.5.s.1
5-,,2-,,Het verhaal komt langzaam op gang .,output_part00025.sents.gz,12542_2.p.1.s.4
2,,,,Na het in boekvorm uitkomen van het eerste seizoen kon het tweede seizoen natuurlijk niet uitblijven .,output_part00022.sents.gz,624_2.p.1.s.3
2,3,,,"Eenzaam telt ze haar dagen , tot op een dag Adam bij haar in haar cel erbij komt ...",output_part00024.sents.gz,5828_2.p.1.s.7
5-,,5-,,"Ik vind ' Haar naam was Sarah ' ongekend smakeloos . """,output_part00006.sents.gz,13090_2.p.1.s.7
2-,,2-,,"Romantische scenes zijn dan oke , maar dat hitsige gedoe ( constant ) in het boek Touch me Touch me Touch me werd erg irritant naarmate het boek vorderde .",output_part00002.sents.gz,876_2.p.20.s.3
,,,,Dan krijg je een beeld van de wereld !,output_part00064.sents.gz,22150_2.p.7.s.8
2,3,,,Daardoor blijven er zes mannen over die strijden voor Eadlyns hart .,output_part00025.sents.gz,4140_2.p.2.s.5
,,,,Dat komt ook door het dubbelleven van mevrouw Recht .,output_part00016.sents.gz,20016_2.p.1.s.5
,,,,"Klein detail , de huidige Coben is namelijk een fantastische auteur !",output_part00002.sents.gz,11996_2.p.6.s.7
5+,,5+,,"Wij en ik is een mooi staaltje literatuur maar spijtig dat ik me er toch heb moeten doorslepen , spijt dat ik hem heb gelezen nee smaken verschillen trouwens en ik raad hem toch aan om hem te lezen : )",output_part00014.sents.gz,16832_2.p.1.s.1
,,,,Na het zien van de Netflix-serie besloot ik me aan het boek te wagen .,output_part00063.sents.gz,21160_2.p.1.s.1
2,3,,,"Van Ranswijk lijkt het allemaal wat lichtjes op te vatten , hij is een mannetje dat het heeft gemaakt en de chantage is meer een nare bijkomstigheid .",output_part00020.sents.gz,17406_2.p.5.s.4
,,,,"En dus moeten we hem aan de oren trekken en berispen , hij verdient niks minder dan dat !",output_part00023.sents.gz,3516_2.p.7.s.1
2-,5+,5+,,"Vér buiten mijn comfort zone , maar ik genoot van iedere blz. ( ook al waardeerde ik sommige met 3 sterren ipv 5 sterren ) .",output_part00028.sents.gz,1340_2.p.2.s.3
5+,,5+,,Het is altijd fijn als je iets aan het lezen van een boek hebt gehad .,output_part00023.sents.gz,15434_2.p.5.s.1
,,,,"Strip van de Franse schrijfster Dominique Sylvain , in de originele versie uitgegeven onder de titel Passage du Désir , is de eerste in een  voorlopige ? - reeks van drie misdaadromans met het vrouwelijke speurdersduo Jost - Diesel in de hoofdrol .",output_part00013.sents.gz,18712_2.p.1.s.1
5-,,1-,,Het is zeer vervelend lezen om al vanaf het begin te weten wie de moord heeft gepleegd .,output_part00062.sents.gz,21344_2.p.1.s.3
,,,,Dan ben je voor heel wat minder geld klaar als je je beperkt tot de enige verhalen die de moeite waard zijn .,output_part00003.sents.gz,4646_2.p.1.s.42
,,,,Alleen voor de echte fans van Peter Temple die hun collectie compleet willen maken .,output_part00005.sents.gz,16678_2.p.1.s.19
5-,,5-,,Helaas laat Marain het op alle punten afweten .,output_part00028.sents.gz,10988_2.p.5.s.2
,,,,Maar dit was helemaal niet het geval .,output_part00006.sents.gz,8094_2.p.2.s.4
2+,,2+,,Af en toe wordt het dan toch een beetje spannend .,output_part00009.sents.gz,2682_2.p.3.s.8
1-,,2+,5-,"2 sterren omdat het idee goed is , maar de uitwerking zwaar onder de maat blijft .",output_part00018.sents.gz,15762_2.p.1.s.12
,,,,"Hij herschreef het verhaal , bood het nogmaals aan en plaatste het manuscript op de site tenpages.com .",output_part00021.sents.gz,4076_2.p.1.s.6
,,,,Zelfgemaakte frietjes eerst even 5 minuten koken voor je ze gaat frituren is er zo eentje .,output_part00012.sents.gz,12336_2.p.9.s.6
,,,,Op het zelfde ogenblik wordt er een man zwaargewond aangetroffen aan de Brugse vismarkt .,output_part00019.sents.gz,12308_2.p.2.s.4
1-,,,,"Het is dan niet meteen duidelijk wanneer en waar het zich afspeelt , er is namelijk geen enkele plaats- of tijdsaanduiding .",output_part00020.sents.gz,14476_2.p.4.s.2
,,,,Maar volgens mij is ze het een beetje kwijt .,output_part00004.sents.gz,17580_2.p.1.s.3
,,,,En in een seksclub hebben ze ook seks .,output_part00001.sents.gz,19854_2.p.2.s.4
2,,2,,"Wie van de beschrijving van expliciete seksscènes houdt , komt in dit verhaal aan zijn trekken .",output_part00025.sents.gz,1808_2.p.3.s.3
3-,,3-,,"Hoofdpersoon Arden Arrowood spreekt onvoldoende tot de verbeelding , ze ' leeft ' niet .",output_part00061.sents.gz,21694_2.p.2.s.1
1,,,,Wat ze doet is veel werk en citaten van anderen gebruiken ( met name materiaal van Arendt ) om haar mening te onderbouwen tegen ' populisten ' in de moderne westerse maatschappij .,output_part00018.sents.gz,14210_2.p.1.s.6
,,5,,Heel eerlijk ik heb dat moeten loslaten om het boek objectief te kunnen beoordelen .,output_part00014.sents.gz,17392_2.p.2.s.1
1,2,5,,"Het boek , dat geen indeling in hoofdstukken kent , beschrijft de periode die de schrijver heeft beleefd in het gezelschap van Jansen .",output_part00063.sents.gz,21310_2.p.2.s.2
,,,,"Kan R.C. De Zeeuw dit kwaliteitskeurmerk waarmaken , of hebben we hier wederom te maken met een flauwe verkoopstrategie ?",output_part00004.sents.gz,19868_2.p.1.s.5
1-,,1-,,Soms zelfs iets te toegankelijk : er wordt zo veel herhaald dat je het idee krijgt dat je niet serieus genomen wordt .,output_part00025.sents.gz,16498_2.p.3.s.4
2-,,1-,,"Jammer , minder chicklit en meer diepgang hadden mij zeker kunnen bekoren .",output_part00022.sents.gz,17064_2.p.2.s.11
,,5,,"In plaats daarvan is het boek een herziene uitgave van een boek uit 1997 , opgefrist met een voorwoord en een uitgebreid nawoord .",output_part00025.sents.gz,7984_2.p.3.s.2
2-,,1-,,"Na ongeveer een derde van het boek verwacht je dat het verhaal meer diepgang krijgt , maar helaas blijft de auteur op deze vluchtige , bondige wijze de opeenvolgende gebeurtenissen in tijd beschrijven .",output_part00019.sents.gz,18026_2.p.3.s.6
2,,2,,"In ' De meisjes ' heet de sekteleider geen Charlie Manson , maar het verhaal is minstens zo direct erop gebaseerd als Aquarius .",output_part00026.sents.gz,5294_2.p.3.s.1
2,,,,Op een gegeven moment wordt Pieter benaderd door Allcorp .,output_part00027.sents.gz,996_2.p.3.s.1
2-,,2-,,Het hoofdthema daarentegen is door heel het boek nogal moeilijk uit te stippelen .,output_part00017.sents.gz,5266_2.p.1.s.13
,,,,"‘ Godzijdank , ik had het mis .",output_part00002.sents.gz,18090_2.p.5.s.1
5,,2,,"Het ene verhaal pakt je beet , en het andere weer niet .",output_part00011.sents.gz,9712_2.p.3.s.4
,,,,"Opgesloten zijn en volkomen machteloos met de situatie , moet veel meer een aanslag betekenen op ieders persoon dan dat er in het boek wordt beschreven .",output_part00015.sents.gz,5744_2.p.7.s.2
,,,,"Gelukkig kun je de vier hoofdverhalen ook los kopen als e-books , voor maar 3 dollar per stuk als je Engels leest .",output_part00003.sents.gz,4646_2.p.1.s.41
2,5,5,,Dit boek hangt een beetje tussen een psychologische roman en een thriller in maar ik hang meer naar het eerste dan het tweede .,output_part00005.sents.gz,7870_2.p.1.s.1
,,,,"Maar bewijs heeft ze niet , en zich aansluiten bij de Dwaze Moeders op de Plaza del Mayo wil ze ook niet .",output_part00007.sents.gz,9642_2.p.1.s.6
,,2+,,Hoewel het verhaal sympathiek is kan Els Ampe zich nog niet meten met de schrijvers die aan het begin van dit artikel genoemd zijn .,output_part00018.sents.gz,10174_2.p.7.s.1
,,,,Dan naar de minpunten van dit boek .,output_part00025.sents.gz,2206_2.p.4.s.1
2-,,,,Haar ' beste vriendin ' vraagt haar als pseudoniem te fungeren en de reden daarachter sloeg ronduit nergens op .,output_part00017.sents.gz,6762_2.p.3.s.11
2+,1-,2+,5-,"Het concept spreekt me erg aan , maar ik vind het niet altijd even goed uitgewerkt .",output_part00017.sents.gz,11056_2.p.2.s.1
,,,,"Grandes neemt ons bijna letterlijk aan de hand door deze volksbuurt : “ Kom mee , dan ga we een kijkje nemen ” .",output_part00064.sents.gz,22248_2.p.2.s.1
,,,,"Ze is omlijst door de deurpost , waardoor het lijkt alsof ze in een schilderij van Edward Hopper is beland . ”",output_part00062.sents.gz,21106_2.p.4.s.3
,,,,Hoe leef je nou dat avontuurlijke leven ?,output_part00015.sents.gz,12244_2.p.1.s.16
,,,,"Lef heb je natuurlijk in alle situaties waarin je je grenzen opzoekt en er soms over heen gaat , niet alleen met outdooractiviteiten .",output_part00020.sents.gz,17216_2.p.1.s.24
3,,3-,,De personages fungeren allemaal als typetjes die hun eigen plaats innemen in de culturele smeltkroes van grootstedelijk Melbourne .,output_part00001.sents.gz,4272_2.p.4.s.3
,,,,Here he had kissed Clary for the first time .,output_part00003.sents.gz,3706_2.p.1.s.7
2-,,1-,,"Hilja gaat weliswaar op onderzoek uit , maar dit levert geen grote spanningsbogen op .",output_part00010.sents.gz,4320_2.p.1.s.33
,,,,Rotte Appel kun je met gemak een paar dagen aan de kant leggen .,output_part00013.sents.gz,638_2.p.1.s.27
2-,,2-,,"Jammer , want zoals gezegd … al de ingrediënten voor een spannende thriller waren wel aanwezig , ze zijn alleen niet ten volle benut .",output_part00006.sents.gz,362_2.p.4.s.3
2-,,2-,,Maar ook de verhaallijn rondom Marissa en Dr. Bruin kon ik niet plaatsen .,output_part00062.sents.gz,21122_2.p.1.s.8
2+,,2+,,Voor mij is het echter een mooi pamflet over de houding van onze maatschappij tegenover verkrachtingen dat hier mooi verwerkt is in een thriller .,output_part00014.sents.gz,82_2.p.1.s.3
,,,,"Hij heeft een flatje maar geen geld want zijn werkgever , Willem heeft hem nog niet betaald .",output_part00004.sents.gz,10260_2.p.1.s.3
5-,,1-,,Maar het lukt de schrijver niet om de clichés te overstijgen .,output_part00010.sents.gz,11616_2.p.1.s.19
,,5+,,Op voorhand beloofde dit boek veel te zijn .,output_part00017.sents.gz,16998_2.p.4.s.1
5-,,5-,,"Toch nog twee sterren , want er zijn nog slechtere boeken in omloop .",output_part00027.sents.gz,216_2.p.5.s.8
,,,,"Waar is ze , wie is de man , hoe is ze hier terechtgekomen ?",output_part00019.sents.gz,5796_2.p.1.s.3
3,2,,,"Dit wordt verteld vanuit het perspectief van een onafhankelijke waarnemer , maar we zitten verder altijd in het hoofd van Olivier .",output_part00063.sents.gz,20256_2.p.2.s.25
2,3,,,"Celeste was het antagonist , de ' bad guy ' , maar echt ' bad ' werd ze niet . toch ?",output_part00024.sents.gz,10356_2.p.2.s.5
,,,,"Maar dat is net aan en zeker niet in verhouding met "" behoorlijk goed "" dat hier voor * * * staat .",output_part00024.sents.gz,7566_2.p.1.s.2
,,,,Hoe anders dan met Khomeini is haar relatie namelijk met de andere man uit de titel : Marquis de Sade .,output_part00016.sents.gz,19156_2.p.2.s.3
,,,,"Hier en daar komen de ingrediënten voor het doorstaan van zo’n crisis naar voren : volharding , solidariteit en soms daadkracht .",output_part00064.sents.gz,22248_2.p.2.s.3
2-,,2-,,Het einde is te voorspellend en daardoor teleurstellend .,output_part00011.sents.gz,16212_2.p.1.s.20
5-,,,,Ik heb saaiere boeken gelezen .,output_part00011.sents.gz,10742_2.p.1.s.3
,,,,Ze is inmiddels beloond met de televisieserie Bones die gebaseerd is op haar boeken en waar ze ook scripts voor schrijft .,output_part00002.sents.gz,7008_2.p.1.s.2
3+,,3+,,"De hoofdpersoon in het boek is redelijk goed neergezet , en zo ook haar ouders .",output_part00063.sents.gz,20222_2.p.3.s.1
,,,,"Vanaf de dag dat de beenderen gevonden zijn , voelt Ajuba zich minder op haar gemak bij de familie Venus .",output_part00019.sents.gz,3656_2.p.1.s.11
,,,,"Geschreven door cultuurhistoricus Jacob Slavenburg samen met John van Schaik , kenner van de middeleeuwse mystiek en tevens hoofdredacteur van Bres magazine .",output_part00027.sents.gz,12270_2.p.1.s.1
2,,5,,"Bijvoorbeeld bij het hoofdstuk over relaties wordt er uitgebreid besproken hoe een verkeerde hechting in je kinderjaren een negatieve invloed kan hebben op je relaties , waarna er ook nog een volledig hoofdstuk komt over scheiden .",output_part00022.sents.gz,14562_2.p.1.s.12
3+,,,,"Ook komt onze stoere Robert Langdon weer een leuke jongedame tegen en wederom blijft ie daar met zijn handjes vanaf , wat een heer is dat toch !",output_part00022.sents.gz,7660_2.p.1.s.5
1,2,1,,Gooiend met veel wetenschappelijke termen en processen probeert Sigler de lezers mee te nemen in het zoekproces naar de oplossing van de schaarste in menselijke donororganen .,output_part00001.sents.gz,13712_2.p.1.s.18
2-,,1-,,"De berichtjes over toneelstukken die worden opgevoerd , over lezingen voor belangrijke gezelschappen - ’ t komt allemaal nogal hol over .",output_part00020.sents.gz,18266_2.p.4.s.2
,,1-,,"Omdat de auteurs deze keer  terecht - weinig vertrouwen hebben in de vorm , waarin ze hun ontmythologisering gieten , gebruiken ze regelmatig voetnoten .",output_part00012.sents.gz,12864_2.p.1.s.12
5-,,5-,,Ik vond het boek tegenvallen .,output_part00022.sents.gz,4_2.p.1.s.1
,,1-,,Ik merk ook dat het louter name-droppen van boeken mij meer irriteert dan wat anders .,output_part00009.sents.gz,2694_2.p.1.s.8
2-,,2-,,Er wordt wat rondgeneuzeld op een afgelegen boerderij waarbij het lang duurt ( pas op het eind ) voordat er iets van spanning in het verhaal komt .,output_part00009.sents.gz,18566_2.p.1.s.2
,,1-,,Beschrijvingen in een minimalistisch ritme .,output_part00028.sents.gz,10488_2.p.9.s.6
2,,,,Elk interview is uitgewerkt tot een hoofdstuk in Dochters van Mulan .,output_part00017.sents.gz,3254_2.p.1.s.3
5-,,5-,,"Mmmm , als je de Reizigerserie van haar kent , valt dit toch erg tegen .",output_part00024.sents.gz,12686_2.p.1.s.1
2,5+,1+,,Hun afwezigheid geeft ruimte aan een directheid en donkerte die de franchise goed doen . “,output_part00008.sents.gz,17022_2.p.2.s.1
,,,,"Robert Wilson schrijft met Tot zwijgen gedoemd een vervolg op zijn vorige boek De blinde man van Sevilla , met dezelfde hoofdrolspelers en een hoeveelheid referenties .",output_part00023.sents.gz,13232_2.p.1.s.1
,,,,Of was het toch terecht dat het boek jarenlang ongelezen stond weg te stoffen ?,output_part00020.sents.gz,19494_2.p.2.s.6
2,,2,,De plot van het verhaal wordt pas helemaal op het einde duidelijk .,output_part00003.sents.gz,3850_2.p.1.s.31
5+,,5+,,is niet slecht je je blijft het wel lezen .,output_part00129.sents.gz,95996_3.p.1.s.1
3,,,,Francesca is overstuur omdat ze niet alles onder controle heeft .,output_part00343.sents.gz,94249_3.p.1.s.26
,,3,,"Veel namen Ross introduceert veel , heel veel personages in ‘ De vrienden van Pinochhio ’ .",output_part00340.sents.gz,111888_3.p.3.s.1
2-,,2-,,"Persoonlijk vond ik het einde maar slap , het bouwt goed op naar een apotheose maar valt dan toch in elkaar .",output_part00178.sents.gz,108189_3.p.2.s.10
2-,,2-,,Wanneer de ontknoping eindelijk daar was vond ik deze ook maar wat slapjes .,output_part00336.sents.gz,98625_3.p.2.s.9
,,,,Maar de juiste plaats is een verre reis .,output_part00090.sents.gz,106491_3.p.1.s.7
5-,,5,,"Het boek wordt omschreven als een psychologische thriller , maar maakt die belofte slechts gedeeltelijk waar .",output_part00242.sents.gz,105883_3.p.5.s.1
2,,2+,,"Zenuwslopend vind ik het niet , wel spannend .",output_part00330.sents.gz,93037_3.p.6.s.1
2,,,,Hij wil iets doen aan de sluipende islamisering van Europa .,output_part00196.sents.gz,111027_3.p.1.s.10
,,,,Na vier teleurstellende bezoeken wordt Stella daar eindelijk herkend door een oude vriend .,output_part00279.sents.gz,94433_3.p.4.s.3
,,,,Voor Reeves was dat een reden om jaloers te zijn op haar schrijverschap .,output_part00331.sents.gz,107534_3.p.16.s.11
,,3-,,Op dat punt in het boek gekomen verdwijnt ook de visie van de vrouw ( Kirsten ) vrijwel volledig en verwordt Rabih steeds meer het alter ego van De Botton zelf .,output_part00248.sents.gz,105287_3.p.3.s.9
,,5,,"Het is geen boek om in één ruk uit te lezen , beter is nu en dan een stukje , ... anders riskeer je een "" overdosis kangoeroe "" !",output_part00070.sents.gz,113460_3.p.4.s.2
5,,,,Na rijp beraad geef ik ' Bloed op sneeuw ' drie sterren .,output_part00193.sents.gz,108865_3.p.1.s.1
,,,,En reflecteert daarmee haar onwetendheid en naïviteit .,output_part00075.sents.gz,96774_3.p.6.s.5
1,,5,,"Het boek bestaat uit een aantal delen : Geluiden , Muziek , Lawaai , Stemmen , Stilte .",output_part00123.sents.gz,113822_3.p.3.s.1
,,,,"Natuurlijk wel veel Alice gezien , tekeningen en films , en in boeken gedeeltes gelezen en plaatjes gekeken .",output_part00080.sents.gz,112381_3.p.1.s.3
5+,,2+,,Het verhaal in Een tweede kans leest vlotjes weg .,output_part00249.sents.gz,97930_3.p.4.s.1
2-,,2-,,"Het is alleen jammer dat sommige stukken van het verhaal niet zijn afgemaakt , ( vooral over zijn familie . ) .",output_part00375.sents.gz,93375_3.p.2.s.4
,,2+,,Mooi zijn de stukken over de parelvisserij en de tolheffing die ' de Hollanders ' rekenen voor bescherming ( voor mohammedanen iets meer dan voor christenen ) of de hele gang van zaken rondom het delven van diamanten .,output_part00167.sents.gz,97148_3.p.5.s.2
,,,,Kettingtraktatie Kleine dametjes houden erg van kettingen .,output_part00374.sents.gz,110922_3.p.3.s.1
,,,,Zij kan haar op dat moment echter niet vertellen wat haar man haar heeft gezegd .,output_part00071.sents.gz,104181_3.p.1.s.18
,,,,Alexander ligt in de knoop met het geloof .,output_part00254.sents.gz,116394_3.p.1.s.2
2,,,,"Kenmerkend bijvoorbeeld is hoe hij , ondanks de directieven van zijn homofobe chef , een overduidelijke homoseksuele vader laat lopen .",output_part00246.sents.gz,109157_3.p.5.s.5
,,,,"Nu was het een mooie rondrit , maar niet eentje die me met bonkend hart achterliet",output_part00252.sents.gz,107003_3.p.7.s.4
1,,,,"Een serie die bestaat uit de vier elementen : Water , Lucht , Aarde , Vuur .",output_part00173.sents.gz,97738_3.p.8.s.3
5+,,5+,,Al met al een interessante coming-of -age roman .,output_part00333.sents.gz,92774_3.p.5.s.8
,,,,"Een mooie extra vind ik , hoewel dat voor sommige lezers te moraliserend kan overkomen .",output_part00267.sents.gz,106748_3.p.4.s.2
2-,,2-,,De thematiek is helaas soms te zwaar en te dik aangezet om nog grappen bij te kunnen maken .,output_part00379.sents.gz,109319_3.p.3.s.2
,,2-,,Een stuk van het verrassingselement valt daardoor weg .,output_part00297.sents.gz,93642_3.p.3.s.4
,,,,De beide heren zien alleen het onvermogen van de ander en kunnen geen hand in eigen boezem steken .,output_part00146.sents.gz,113229_3.p.4.s.8
,,,,"Het geeft geen antwoorden op openstaande vragen maar geeft wel de gruwelijke werkelijkheid weer , zowel die in boekvorm als in real life .",output_part00125.sents.gz,112347_3.p.4.s.10
,,,,"De belofte vriendschap blijkt van groot belang , als er in 1697 een beroep op Mare wordt gedaan .",output_part00168.sents.gz,112106_3.p.1.s.6
,,,,"Wie ervoor vecht en wie tot inkeer komt , kan zich verlaten op de liefde van God .",output_part00110.sents.gz,106091_3.p.1.s.23
,,,,888 mensen vormden de originele bemanning van deze missie .,output_part00167.sents.gz,91896_3.p.1.s.8
,,,,Haar blunders nemen echter niet in intensiviteit af .,output_part00118.sents.gz,115398_3.p.1.s.3
,,,,Dankzij Ambo Anthos kreeg ik de kans om ‘ Een schitterende middag ’ vóór publicatie te mogen lezen .,output_part00302.sents.gz,115151_3.p.5.s.1
5-,,5-,,Dit zorgt er absoluut niet voor dat ik met heel veel plezier het boek oppak en dat is toch jammer .,output_part00131.sents.gz,103080_3.p.5.s.11
4+,,5+,,"Van te voren heb ik hoge verwachtingen , aangezien het boek de Boekhandelprijs heeft gewonnen .",output_part00299.sents.gz,115227_3.p.1.s.2
,,,,"Je zou het in zijn omvangrijke en veelzijdige oeuvre van thrillers , historische romans , toneel en boeken over zaken als zeilen , vissen , skiën en TV kijken haast over het hoofd zien , maar John Vermeulen is óók een sciencefictionschrijver .",output_part00234.sents.gz,113574_3.p.1.s.1
,,,,"Als hij op zakenreis is in Thailand , brengt hij een bezoek aan de immense shopping mall Mah Boon Krong in Bangkok .",output_part00113.sents.gz,91543_3.p.1.s.3
5+,1-,2+,1-,"Het verhaal leest makkelijk weg , al zou ik in sommige stukken willen knippen om een paar zinnen te verwijderen ( overbodig ) .",output_part00249.sents.gz,96932_3.p.2.s.2
,,,,Ook was ik benieuwd naar de geschiedenis van Archer en Bree .,output_part00070.sents.gz,99208_3.p.3.s.4
,,,,Dat gaat namelijk veel meer over het volk de Radch en hun expansiepolitiek in de ruimte .,output_part00210.sents.gz,113400_3.p.3.s.5
5+,,5+,,Je moet weten hoe alles in elkaar steekt dit zorgt ervoor dat het boek moeilijk is om weg te leggen .,output_part00180.sents.gz,106392_3.p.3.s.4
,,,,Hoewel haar superieuren telkens weer proberen van haar af te komen en ook haar collega’s niet altijd haar spoor kunnen volgen .,output_part00138.sents.gz,114007_3.p.1.s.6
2,,5,,Dat maakt dit boek een coming-of-age roman .,output_part00204.sents.gz,97789_3.p.1.s.8
,,,,"Radar is Q's andere beste vriend , die wat slimmer is en berichten plaatst op een website die bedoeld is als een parodie op Wikipedia .",output_part00222.sents.gz,97991_3.p.3.s.5
,,,,"Ga gewoon met hem mee waar hij heen gaat , zonder zo nodig van ‘ A ’ naar ‘ B ’ te willen reizen .",output_part00291.sents.gz,116367_3.p.5.s.5
1+,,1+,,De schrijfwijze is vlot en er zit veel snelheid en spanning in .,output_part00189.sents.gz,107753_3.p.1.s.2
,,1+,2-,"Heel literair , en het laat ook wel iets zien over de Chinese manier van denken in metaforen , maar het haalt de vaart uit een toch al traag vertelde verhaal .",output_part00250.sents.gz,113655_3.p.1.s.34
,,,,"Nu ben je van mij ” , fluisterde hij in haar oor .",output_part00375.sents.gz,113228_3.p.5.s.23
,,,,Waarschijnlijk gingen de soldaten uit deze landen meer naar prostituees omdat ze over meer geld beschikten .,output_part00122.sents.gz,106375_3.p.5.s.4
,,,,"Terwijl ze onderweg is naar Nashville , ( ze is weggelopen bij haar oma , om haar moeder te zoeken ) leert ze al snel hoe oneerlijk het leven kan zijn .",output_part00087.sents.gz,116310_3.p.5.s.1
2+,,2+,,Misschien wel want het einde triggert dan toch weer .,output_part00364.sents.gz,114782_3.p.6.s.2
,,,,De kinderen zijn heel lang weg !,output_part00288.sents.gz,91540_3.p.2.s.14
2,5-,2,,"D’Hamecourt put uit verschillende bronnen : vrienden , boeken , interviews , en het resultaat is één lange opsomming van ellende .",output_part00328.sents.gz,101199_3.p.1.s.3
,,,,"IKO , Cinder en de andere helden zijn wederom in gevaar .",output_part00261.sents.gz,118193_3.p.1.s.23
,,,,Ze is echter niet populair en wordt gezien als een zwakke koningin .,output_part00260.sents.gz,110162_3.p.3.s.18
1+,,1+,,Het verhaal is heel goed opgebouwd en langzaam stijgt de spanning en komen er steeds meer vragen naar boven .,output_part00072.sents.gz,114429_3.p.1.s.13
,,,,Maar vermits er stond dat het gerecht exact 15 minuten lang moet koken heb ik het water eerst aan de kook gebracht én het vervolgens meteen over de ingrediënten heen gegoten en deze op het kookvuur geplaatst .,output_part00303.sents.gz,95399_3.p.4.s.2
,,,,"Schrijven zit in je bloed , moet ook Ingrid Oonincx gedacht hebben .",output_part00199.sents.gz,109068_3.p.1.s.1
,,2,,Vooral in het begin van het verhaal .,output_part00100.sents.gz,95940_3.p.1.s.32
,,,,Is zij ooit wel gelukkig met hem geweest ?,output_part00097.sents.gz,117342_3.p.2.s.8
3,,2,,"Het verhaal begint met Sabir , een jonge Nederlandse moslim .",output_part00074.sents.gz,103056_3.p.4.s.1
3-,,,,Helaas houdt de Perzische Judith een veel te hoog James Bond gehalte en blijft haar karakter van bordpapier .,output_part00360.sents.gz,103942_3.p.1.s.18
2-,,,,Ook een ruzie tussen Selma en Marga vanwege een voorval in het verleden is een minpuntje .,output_part00221.sents.gz,117682_3.p.4.s.3
,,,,Ik denk dat de vos Hughes zelf is .,output_part00326.sents.gz,108836_3.p.4.s.4
,,5,,"Deze kwalificatie is nogal overdreven , wat overigens niet wil zeggen dat Adolfssons debuut ondermaats is .",output_part00252.sents.gz,104285_3.p.3.s.2
2-,,5-,,"Aan het einde van de roman was het doorbijten om bij de les te blijven , ze was me helemaal kwijt .",output_part00343.sents.gz,104006_3.p.10.s.3
3,,,,We volgen moeder Emily Coleman die op een ochtend zonder om te kijken haar gezin verlaat .,output_part00305.sents.gz,117669_3.p.2.s.3
,,3-,5-,"De trilogie in zijn geheel is zeker een aanrader , al valt de derde boek een beetje uit de toon door voorspelbaarheid , een gebrek aan ontwikkeling of uitdieping van personages en een déjà vu- gevoel ten opzichte van de eerste twee boeken .",output_part00069.sents.gz,105485_3.p.5.s.1
,,,,"Dit debuut is geschreven door een vrouw , die ondanks haar moeilijke momenten van twijfels en tegenslagen , nog steeds fier overeind staat .",output_part00071.sents.gz,91441_3.p.5.s.3
1+,,1+,,Je vliegt letterlijk door de tekst .,output_part00081.sents.gz,114855_3.p.2.s.11
,,,,Zij moet heel zwakke zenuwen hebben . ” wel wat denken aan Mother Bennet en haar poor nerves uit ‘ Pride and Prejudice ’ van Jane Austen .,output_part00283.sents.gz,98374_3.p.1.s.11
2+,,,,Je wilt wel weten hoe het nu komt dat het schip leeg is als het de haven in stormt .,output_part00235.sents.gz,103726_3.p.3.s.6
5,,2+,,Een verhaal wat nieuwsgierig maakt om verder te lezen en veel vragen oproept die na het lezen van het boek nog niet beantwoord zijn .,output_part00241.sents.gz,111585_3.p.1.s.4
5,,,,"Ik bleef hier te lang hangen omdat ik het persé wilde begrijpen , wat niet lukte .",output_part00344.sents.gz,101279_3.p.1.s.10
2,,2+,,Vooral vriendschap is erg sterk vertegenwoordigd en dat geeft het verhaal een ' feelgood ' sfeertje .,output_part00377.sents.gz,95718_3.p.5.s.3
,,,,Nu zie ik in de recensies dat ik daar gelukkig niet de enige in ben .,output_part00370.sents.gz,111476_3.p.1.s.3
,,2+,,Ik ben benieuwd hoe dit verder gaat en het zit er in dat ik de 2 hieropvolgende boeken te zijner tijd wel zal lezen .,output_part00069.sents.gz,107373_3.p.1.s.40
2-,,2-,,Het herlezen van de proloog brengt enige duidelijkheid maar helder wordt het niet .,output_part00196.sents.gz,107866_3.p.4.s.6
3,,,,"Lotte is getrouwd met Niek , een chirurg .",output_part00247.sents.gz,101591_3.p.3.s.6
2,,,,"En ook natuurlijk over de liefde : de liefde , het dwaze verlangen naar samensmelting op 70-jarige leeftijd .",output_part00323.sents.gz,112848_3.p.3.s.4
2+,,5+,,"Ik ben blij dat ik heb volgehouden , want het laatste kwart is echt de moeite waard .",output_part00205.sents.gz,94760_3.p.2.s.4
,,,,En wellicht nog meer wanneer het een dichter betreft .,output_part00165.sents.gz,118244_3.p.2.s.2
5,,,,Voor elke lezer zal ze een ander gevoel oproepen .,output_part00213.sents.gz,108475_3.p.4.s.1
,,,,"Dit is de eerste losstaande psychologische thriller , welke ik mocht lezen voor de Hebban buzz .",output_part00376.sents.gz,101669_3.p.1.s.3
,,,,"Dr. Rossi werd - naar ik heb begrepen - in de tv-serie ten tonele gevoerd , omdat dat goed was voor de kijkcijfers .",output_part00151.sents.gz,106120_3.p.2.s.9
5,,,,Toch had Rose met dit debuut al de kunst om je als lezer geregeld op het verkeerde been te zetten .,output_part00332.sents.gz,99598_3.p.5.s.1
2+,,2+,,De clifhanger aan het eind van het boek maakt echter veel goed : ik wil toch het tweede deel lezen .,output_part00353.sents.gz,111955_3.p.4.s.4
,,5-,,Maar het is te veel van het goede .,output_part00375.sents.gz,113228_3.p.6.s.30
,,,,3. Voeg de druppels citroensap toe zodra de eiwitten goed stijf zijn ( stijve pieken ) .,output_part00338.sents.gz,92212_3.p.5.s.4
2-,,5-,,Tot zo ver is het allemaal een beetje veel van hetzelfde .,output_part00380.sents.gz,114660_3.p.4.s.1
,,,,Hij zoekt contact met Ellen en hoopt zo het oneindige raadsel op te lossen .,output_part00190.sents.gz,117353_3.p.4.s.12
2+,,2+,,Het was een liefdesverhaal met een heftig thema en dit is op een goede manier ter sprake gebracht zonder in teveel clichés te vervallen .,output_part00108.sents.gz,115146_3.p.1.s.3
,,5,,Het twee maanden geleden verschenen Fatale Zoektocht is het zesde boek in de reeks en de auteur heeft inmiddels al een aardige schare fans weten te verzamelen .,output_part00147.sents.gz,103115_3.p.1.s.3
,,,,Ozzy Osbourne ( Black Sabbath ) piest waar Jones bijstaat op een oorlogsmonument in Texas en wordt prompt in de boeien geslagen .,output_part00141.sents.gz,106447_3.p.1.s.7
,,,,Betekent dat je eerst de andere drie boeken moet lezen ?,output_part00138.sents.gz,91840_3.p.2.s.2
,,,,Natuurlijk moet je bij pretentieloos leesplezier niet te veel eisen stellen .,output_part00235.sents.gz,95854_3.p.1.s.19
,,,,"Hoewel hij erg in zichzelf gekeerd was , wist Julia wat ze aan haar vader had .",output_part00154.sents.gz,86691_4.p.1.s.9
2,,5,,In dit boek maak je met hem zijn vriend de Appalachain Trail mee : een voettocht van 3500 km over bergtoppen n Amerika .,output_part00155.sents.gz,47537_4.p.1.s.3
,,,,Ze wordt steeds angstiger omdat de moordenaar nog niet gepakt is .,output_part00304.sents.gz,37084_4.p.1.s.8
2,3,,,Hoofdinspecteur Versavel valt immers op mannen en ook journalist Michiel Lambrechts heeft een vriend .,output_part00200.sents.gz,23857_4.p.3.s.13
,,,,Hierdoor maak je als YA lezer toch mooi kennis met wat Engelse poezie ...,output_part00182.sents.gz,31305_4.p.1.s.22
5,2,,,"Hoewel Nicci French ook altijd lekker doorleest , als vriendinnen me een titel noemen , moet ik altijd weer even denken , waar het ook weer over ging .",output_part00277.sents.gz,71158_4.p.1.s.3
,,,,De strijd met de 22 oligarchen die 150 miljoen euro opslurpen is een peulenschilletje in vergelijking met het gevecht dat Browder daarna wacht .,output_part00178.sents.gz,61401_4.p.1.s.12
,,,,"Hierdoor dacht ze bijvoorbeeld dat haar dochter , Ruth , niet haar echte dochter was en dat zij de vervanger was en haar echte dochter was ontvoerd .",output_part00287.sents.gz,24169_4.p.2.s.13
5+,,5+,,Dan is Giant Days - Nieuwe vrienden zeker een aanrader !,output_part00209.sents.gz,51642_4.p.7.s.3
,,4,,Op het omslag van Het geheim van Grâce staat dat het een roman is en dat is het ook absoluut .,output_part00289.sents.gz,62869_4.p.1.s.20
2+,,1+,,Zij weet deze onderwerpen zo te presenteren dat ze begrijpbaar worden .,output_part00200.sents.gz,32297_4.p.3.s.5
,,,,Maar de pioniers hebben geen tijd om te luieren .,output_part00348.sents.gz,70364_4.p.3.s.4
5,,5+,,Een apocalyptische thriller die ons aanzet tot kritisch nadenken over geloof en onze kijk er tegenover maar je eveneens ook even goed kan doen ontspannen .,output_part00175.sents.gz,52183_4.p.1.s.2
3,,,,"Misja werd een mythe in het Franse dorp waar hij de herberg erfde en Misja hield zijn enige dochter dicht bij hem , en met haar zijn kleindochters .",output_part00091.sents.gz,70179_4.p.2.s.10
2,,,,Een schokkende ervaring voor mij waren de littekens van Rachella op haar lichaam .,output_part00381.sents.gz,24392_4.p.1.s.8
2,,2-,,Eigenlijk alleen interessant als je interesse hebt in de grondlegger van de Universiteit van Tilburg .,output_part00305.sents.gz,77704_4.p.3.s.1
3,2,,,Hulp biedt zich aan wanneer ze in de bouwmarkt de Nederlandse aannemer Sjoerd tegenkomt Hij kan wel een goede klus kan gebruiken .,output_part00198.sents.gz,36766_4.p.3.s.4
2,,2,,Dit boek laat zien hoe een wellicht onschuldige handeling van een 18 jarige kan leiden tot een ramp .,output_part00093.sents.gz,72569_4.p.4.s.21
2,,,,De ouders lijken na een poosje hun leven weer op te pakken maar Rêve voelt zich schuldig .,output_part00259.sents.gz,58459_4.p.1.s.5
2,3,1,3+,Deze flashbacks zijn bijna opzichzelfstaande verhalen en geven een steeds duidelijker beeld van de hoofdpersoon .,output_part00163.sents.gz,82860_4.p.2.s.2
,,,,Wat hebben de dode mannen met elkaar gemeen ?,output_part00125.sents.gz,48446_4.p.6.s.1
,,,,"Uitvoering Futuro Uitgevers ISBN 9789492221971 , 9789492939081 Paperback , 180 pagina’s",output_part00213.sents.gz,31052_4.p.9.s.1
2,3,3,,Hoe de hoofdpersoon gevangen zit in deze liefde die zij niet zo voelt .,output_part00173.sents.gz,81011_4.p.1.s.2
1,2,,,"In ontwapenende taal , met hier en daar een humoristische kwinkslag , maken we kennis met de vreselijke ziekte die dementie is .",output_part00336.sents.gz,28962_4.p.1.s.6
2-,,1-,,Toch breekt het uiteindelijk op dat er te weinig samenhang is .,output_part00197.sents.gz,87397_4.p.6.s.1
3,,,,"De politie , rechercheur Boyd Fletcher , wordt ingeschakeld om de bedreiger op te sporen .",output_part00345.sents.gz,83081_4.p.1.s.6
,,,,"Dikke merci aan Catelijne en Deborah om op een intelligente , grappige manier mijn kennis en ( slaap- ) kunde te vergroten !",output_part00364.sents.gz,47913_4.p.6.s.1
,,,,De macht van de kalender en de wiskunde die er achter zit is indrukwekkend maar het vergt een sterke mate van repressie om het systeem in stand te houden .,output_part00248.sents.gz,79496_4.p.6.s.3
,,,,Het is duidelijk dat ze de ontreddering nabij is of voorbij is .,output_part00232.sents.gz,77157_4.p.4.s.2
2,,2,,Dat je er toch bij kunt horen als je net iets anders bent dan de ander is het tweede thema van het boek .,output_part00095.sents.gz,85996_4.p.5.s.1
,,,,Ze kunnen trost zijn op dit resultaat .,output_part00155.sents.gz,68998_4.p.3.s.6
,,,,Op een van deze avonden pikt Alexander haar eruit .,output_part00169.sents.gz,65492_4.p.2.s.3
2,3,2,,"Het verhaal gaat over Lauren , ze wordt wakker in een ziekenhuis .Ze kan zich niet herinneren wat er gebeurd is maar wat ze wel weet is dat ze beschuldigd wordt van de moord op haar buurjongen .",output_part00090.sents.gz,51999_4.p.1.s.2
,,,,"Zelf was hij altijd op zoek naar de goedkeuring van zijn moeder , in veel dingen vaak onzeker bij wat hij deed of zei .",output_part00364.sents.gz,33030_4.p.4.s.8
3,,3,,Libby en Jack kunnen toegevoegd worden aan de lijst met personages met bijzondere ziektes .,output_part00101.sents.gz,38292_4.p.1.s.9
,,2,,"Was dit niet gebeurd dan zou er geen verhaal zijn , maar Giles doet wat hij moet doen en laat zich niet tegenhouden door de abt .",output_part00274.sents.gz,54645_4.p.2.s.2
,,,,Helene Hannemann is een Duitse vrouw met vijf kinderen die met een zigeuner is getrouwd .,output_part00213.sents.gz,59742_4.p.2.s.1
2,,,,Dit heeft logischerwijs een behoorlijke impact op haar leven gehad .,output_part00047.sents.gz,8405_4.p.1.s.4
2,,,,"Helaas , de realiteit besliste er anders over .",output_part00183.sents.gz,64201_4.p.1.s.3
,,,,"In het weeshuis groeide ze op samen met een vriendinnetje , Lilly .",output_part00185.sents.gz,37186_4.p.1.s.3
2+,5+,5+,2+,"Ik vond het een leuk , spannend boek.Het was voor mij een onbekende auteur , dus ik was erg nieuwsgierig.Je word in het verhaal meegenomen om de misdaad op te lossen.In het begin vond ik het een beetje moeilijk weg lezen door de vele namen , maar later in het boek kwam dat weer helemaal goed.Een mooi plot.Ik heb het boek verslonden en ga nu ook zeker de andere delen van Piet Baete lezen !",output_part00199.sents.gz,53790_4.p.1.s.1
,,,,"Nu het vervolg in de Mia Krüger en Munch serie , de Doodsvogel .",output_part00351.sents.gz,71875_4.p.1.s.2
,,,,Die wereld met haar familie en Rain Holt ?,output_part00306.sents.gz,79113_4.p.2.s.6
2,,,,"Dat de vriendschap tussen de gepensioneerde juristen Feathers en Veneering gebaseerd is op een heel leven rivaliteit , kom je na een paar alinea’s al te weten door de manier waarop beide mannen elkaar in gedachten beoordelen .",output_part00173.sents.gz,65269_4.p.3.s.3
1,,1+,,"Daardoor is alles in zijn verhalen zeer gedetailleerd , haast filmisch beschreven .",output_part00075.sents.gz,31493_4.p.3.s.10
2+,,,,"Niet alleen voor kinderen en mensen met autisme , maar voor iedereen in het algemeen en dat is altijd een mooie boodschap die de wereld zeker kan gebruiken .",output_part00270.sents.gz,63496_4.p.5.s.7
3,2,,,En hoe minder hij te verliezen heeft ( letterlijk ) hoe meer hij zijn best gaat doen voor zijn omgeving .,output_part00338.sents.gz,87326_4.p.2.s.2
5+,,5+,,The Fault in Our Stars is echt een boek voor mij .,output_part00110.sents.gz,73719_4.p.1.s.1
4+,,4+,,Bij het zien van de vrouw op de cover van Lydia Verleine van Gerrit Sangers wordt je nieuwsgierig naar waarom zij op de cover staat .,output_part00122.sents.gz,51770_4.p.1.s.1
1-,,1-,,Daarvoor heeft hij zijn verhaal net iets te bombastisch gemaakt .,output_part00367.sents.gz,27330_4.p.4.s.5
,,,,"In de VN Detective & Thrillergids stond dit :  De geheimen die ze openbaarden en geloofwaardig documenteerden in hun eersteling Imprimatur , hebben ervoor gezorgd dat de al geplande heiligverklaring van paus Innocentius XI niet doorging en zijzelf niet langer kunnen publiceren in Italië . ",output_part00037.sents.gz,5059_4.p.12.s.1
,,,,En als je niet bepaald een Doutzen Kroes bent is het dus altijd een nachtmerrie .,output_part00193.sents.gz,75367_4.p.1.s.3
,,,,Zij woont sinds kort in West-Berlijn en Julian neemt zich voor haar zijn stad te laten zien en al snel zijn de twee onafscheidelijk .,output_part00298.sents.gz,40150_4.p.3.s.3
2,5+,,,"En ja , wie enkel een boeiend verhaal wil lezen , kan het natuurlijk ook overslaan , al zou ik dat persoonlijk eeuwig zonde vinden …",output_part00075.sents.gz,79026_4.p.3.s.9
,,,,De familie Cazalet is een familie met geheimen en het niet uitgesproken woord .,output_part00185.sents.gz,23789_4.p.1.s.9
,,,,"IJskoud , tweede deel uit de Noordzee moorden serie ,",output_part00164.sents.gz,76612_4.p.1.s.1
2,,2,,Het verhaal deed me qua sfeer een beetje denken aan films als Notting Hill en The Holiday .,output_part00073.sents.gz,58227_4.p.1.s.2
2,3,1,,"Uitgezonderd de proloog is het hele boek geschreven vanuit het perspectief van de  spookman  , een niets ontziende beroepscrimineel .",output_part00039.sents.gz,5113_4.p.1.s.19
2,,,,"Ook bespreekt Lizzy Mason maatschappelijke problemen zoals verslavingen met drank en drugs , het afkicken hiervan en welke littekens deze problemen achterlaten .",output_part00271.sents.gz,43859_4.p.3.s.1
2,3,,,"Ze vallen op elkaar en ze begeren elkaar , maar tegelijkertijd kunnen ze eigenlijk niet samen zijn .",output_part00194.sents.gz,85487_4.p.3.s.2
,,,,Ontroering onder andere wanneer Lucas spreekt over zijn grote vriend Zwiers en zijn ouders met hun buurtsupermarktje .,output_part00374.sents.gz,40204_4.p.1.s.3
,,,,Ze gaat hier zelfs zo ver in dat ze andere mensen manipuleert .,output_part00237.sents.gz,45410_4.p.1.s.5
,,,,Lees meer van mijn recensies op https://rabbitbookz.wordpress.com/,output_part00371.sents.gz,70971_4.p.6.s.1
5+,,5+,,Een bijzonder boek waar ik van heb genoten .,output_part00245.sents.gz,51678_4.p.2.s.15
,,,,Zij zoekt hem op en dwingt hem terug te denken aan wat er zich toen heeft afgespeeld .,output_part00183.sents.gz,82146_4.p.2.s.11
2,,2,,Het derde verhaal is dat wat de vierde man aan de naamloze verteller vertelt wanneer de laatste hem probeert over te halen de derde en beslissende partij tegen Czentovic te spelen .,output_part00053.sents.gz,7865_4.p.10.s.1
5+,,5+,,"Boek is moeilijk weg te leggen , het trekt je aan net als een magneet .",output_part00085.sents.gz,37924_4.p.4.s.13
2,3,,,"In haar dromen heeft Finna ook nog te maken met een magiër en als er in haar dromen iets gebeurt waardoor ze zich verwondt , blijkt dat in de realiteit ook zo te zijn .",output_part00196.sents.gz,59741_4.p.1.s.14
5+,,5+,,Ik heb met plezier kennisgemaakt met het ongekunstelde werk van Tomica Šćavina en heb ‘ De idealist ’ graag gelezen .,output_part00376.sents.gz,66233_4.p.8.s.1
3+,,3+,,Het is leuk om te lezen hoe vooral Ellery en Malcom zich ontwikkelen in de loop van het verhaal .,output_part00290.sents.gz,84525_4.p.5.s.1
2,,,,Er worden moorden gepleegd op 3 pleeggezinnen en telkens 1 kind wordt gered door een mysterieus iemand .,output_part00029.sents.gz,2391_4.p.1.s.2
3,2,,,"Hisham , die dan al lang in Europa woont , raakt allengs gekweld door onwetendheid en begint aan een helse odyssee : zijn zoektocht naar de waarheid .",output_part00182.sents.gz,54219_4.p.3.s.1
,,5,,Ik doe mee aan de blogtour van dit dunne boekje van Anthonie Holslag .,output_part00208.sents.gz,39755_4.p.1.s.1
,,,,"Hij heeft plezier in de spelletjes die hij speelt , tot ergernis van degene die verplicht moeten meespelen .",output_part00316.sents.gz,86376_4.p.3.s.2
,,,,Helaas is het de bittere realiteit .,output_part00141.sents.gz,50528_4.p.1.s.22
1,3,1,,"Het boek is geschreven vanuit het perspectief van Mancini , maar ook de moordenaar en slachtoffer komen aan het woord .",output_part00259.sents.gz,28183_4.p.10.s.1
,,,,Na een paniekaanval staat zijn leven op stelten .,output_part00119.sents.gz,50093_4.p.1.s.5
,,,,‘ Verticaal schrijven ’ noemde zij het onlangs in een vraaggesprek met crimezone.nl .,output_part00125.sents.gz,86615_4.p.1.s.4
5+,,2+,,"Je wordt zo meegesleurd in het verhaal dat je aan het eind bent voor je het weet en mocht deel twee er al zijn , blijf je gewoon verder lezen !",output_part00134.sents.gz,85405_4.p.1.s.11
,,,,"Nu komt zijn ouderdom ook ter sprake , het besef dat hij zich meer moet bezig houden met opa zijn , als het beroep van rechercheur uit oefenen .",output_part00144.sents.gz,60838_4.p.2.s.1
2,3,,,"Julie was deel van een tweeling , wat er precies met haar broer James is gebeurd blijft lang onduidelijk .",output_part00137.sents.gz,81383_4.p.1.s.6
,,,,"Compleet geïsoleerd is hij , niet bereikbaar voor de buitenwereld .",output_part00042.sents.gz,15229_4.p.3.s.4
3,,3+,,Wat Grace zo uniek maakt zijn de pure menselijke trekjes .,output_part00092.sents.gz,22623_4.p.2.s.1
4+,,4+,,Ook de cover is weer schitterend en sluit goed aan bij deze thriller .,output_part00174.sents.gz,86024_4.p.4.s.5
,,,,Toen ontdekte Meysam dat zijn hart bij het dansen lag .,output_part00242.sents.gz,75982_4.p.1.s.9
,,,,"Als zij vervolgens benaderd wordt door een groepering die in opstand komt tegen de huidige regering van Medio , de armoede aan de andere zijde van de muur en die vecht voor gelijkheid , heeft Daniela moeilijke keuzes te maken .",output_part00217.sents.gz,32262_4.p.4.s.2
,,,,Freud geeft hem advies hoe om te gaan met das Weib .,output_part00274.sents.gz,73108_4.p.2.s.5
,,,,Dat hoort zo bij sciencefiction .,output_part00271.sents.gz,58503_4.p.1.s.22
,,2+,,Vooral is de roman een treffend beeld van de jaren vijftig in een milieu waarin niet makkelijk met elkaar werd omgegaan .,output_part00336.sents.gz,88592_4.p.1.s.6
,,1-,,Spijtig genoeg kan ik me niet ontdoen van de indruk dat ik hier iets gelezen heb dat in de voetsporen loopt van Mo Hayder .,output_part00294.sents.gz,34625_4.p.1.s.10
,,,,"Hij is bij bewustzijn , maar daar is dan ook alles mee gezegd .",output_part00252.sents.gz,67347_4.p.7.s.2
,,,,"Nou ja , het was voor tropisch fruit ; daar moet je héél ver voor reizen natuurlijk .",output_part00030.sents.gz,15051_4.p.2.s.2
,,,,"Dit zal geen gemakkelijke taak worden , aangezien de bewoners van Mure Colton Rogers liever zien gaan dan komen .",output_part00318.sents.gz,25425_4.p.2.s.6
3-,1-,3-,2-,Door de onrealistische personages en onorthodoxe manier van werken van Richard en Ghislaine raakte het verhaal me niet .,output_part00172.sents.gz,57283_4.p.3.s.2
,,,,"Weken later neemt hij Veum mee naar huis , om zo'n zaak te bespreken bij een fles aquavit .",output_part00281.sents.gz,82254_4.p.2.s.3
2+,,2+,,"De antwoorden worden in de loop van het korte verhaal gegeven en realiseer je je dat het uitermate knap van Meyer is om in een beperkt aantal bladzijden , en dus woorden , een compleet , spannend en boeiend verhaal te schrijven .",output_part00239.sents.gz,86068_4.p.3.s.3
,,5,,Dat is een woord dat in het eerste deel van het boek centraal staat .,output_part00065.sents.gz,21771_4.p.3.s.2
,,,,"Een van de nonnen , Sister Mary Inconnue , die haar naam niet voor niets draagt , helpt haar haar herinneringen op papier te zetten .",output_part00094.sents.gz,28805_4.p.1.s.6
2-,,5-,,De eerste 100 blz. vond ik niet zo boeiend eigenlijk en hoopte dat dit niet zo door zou gaan .,output_part00330.sents.gz,46656_4.p.1.s.4
,,,,"Het klikt echter goed met de zoon van het pension , een prima kok , die haar verleidt met zijn gerechten .",output_part00187.sents.gz,76894_4.p.3.s.5
,,,,"Viljar Ravn Gudmundsson is door een grote journalistieke fout , waardoor een jongen werd vermoord , zijn zelfvertrouwen volledig kwijt en verslonst in zowel zijn werk als privéleven .",output_part00085.sents.gz,77279_5.p.3.s.11
,,5+,,"Deze hele Fiona Griffiths serie heeft hetzelfde , hoge niveau .",output_part00039.sents.gz,2009_5.p.3.s.1
,,,,"ROMEO O heilge , sta dan stil één korte stond , Terwijl ik van je mond vergiff’nis pluk .",output_part00120.sents.gz,85328_5.p.9.s.6
,,,,Bonaventura weet van het misbruik en de mishandelingen maar weet niet goed wat hij daartegen moet ondernemen .,output_part00028.sents.gz,11367_5.p.3.s.9
,,,,"Maar de trap lijkt naar achteren te hellen , als een tekening van Escher .",output_part00120.sents.gz,58746_5.p.3.s.9
2+,,,,"Zoals ook Dostojevski's ongehoord intense worsteling met geloof en ongeloof mij enorm inspireert : hij blijft zoeken naar een hogere zingeving , maar peilt tevens alle vormen van zinloosheid tot op de bodem , en onderneemt dus steeds een ontdekkingsreis door licht en duisternis tegelijk .",output_part00143.sents.gz,82990_5.p.4.s.6
,,,,De Limburgse zanger Gé Reinders weet vrijwel niets over het verzetsverleden van zijn moeder .,output_part00343.sents.gz,57185_5.p.1.s.2
,,,,De kinderen gaan met hem mee naar “ de dierentuin ” zo heet het gedeelte waar Mengele zijn onderzoeken doet .,output_part00211.sents.gz,89239_5.p.1.s.9
,,,,Hij wordt de Doemsdag-moordenaar genoemd .,output_part00261.sents.gz,45711_5.p.1.s.4
1,2,1,,Flashbacks in de vorm van dagboekfragmenten vertellen je meer over situaties in het verleden en verhaallijnen over eerder die week en het nu vertellen over het ongeluk .,output_part00045.sents.gz,8653_5.p.2.s.2
,,,,"Zo vind Mila het heel normaal om ergens wat te gaan drinken buitenshuis , terwijl Dex liever gewoon een moment samen is , zonder dat geld hierbij een rol speelt .",output_part00122.sents.gz,50494_5.p.1.s.13
3,,3+,,Elk karakter verteld zijn eigen verhaal en direct wordt al duidelijk dat een ieder zijn geheimen heeft .,output_part00357.sents.gz,28170_5.p.2.s.4
5+,,,,Ik ben momenteel bezig in zustermoord en die is ook al zo goed .,output_part00268.sents.gz,64666_5.p.1.s.3
5,,5+,,Hoe kan het dan dat dit boek zo vertrouwd aanvoelde ?,output_part00116.sents.gz,31544_5.p.1.s.3
,,,,"Een schatje is het wel ! maar ik wilde weten hoe het verder zou gaan met Tamlin , Feyre en rhysand . de intro van het boek : zinderende spanning en vurige passie in deel 2 van de Hof van doorns en rozen-serie !",output_part00164.sents.gz,23149_5.p.5.s.3
,,,,"When I asked her why she’d ever think her lyrics were remotely , possibly , vaguely right , she told me she always thought the woman in the song truly loved the man because she put his hat on the top shelf .",output_part00107.sents.gz,77672_5.p.3.s.6
,,,,Ook doet hij redactie van De Gladiool .,output_part00196.sents.gz,58685_5.p.1.s.4
1+,,4+,,"De stijl van de tekeningen spreekt aan ( kleurrijk , duidelijk ) en de grootte van de tekeningen is wisselend .",output_part00188.sents.gz,88445_5.p.2.s.2
,,,,"De problemen die een patiënt ondervindt nadat de behandelingen zijn afgesloten zijn niet weg te poetsen door optimisme , maar dat wordt wel verwacht door de omgeving .",output_part00130.sents.gz,29588_5.p.5.s.4
,,,,Door de omgang met Daniël en zijn ideeën wordt Gretchen steeds kritischer over de ideeën van oom Dolf .,output_part00044.sents.gz,19503_5.p.4.s.5
,,,,"Op een archeologische site wordt een kistje gevonden , de opdrachtgevers van de opgravingen willen het zo snel mogelijk weg daar vandaan .",output_part00241.sents.gz,38240_5.p.1.s.4
,,5+,,Annet Schaap is met haar debuut volledig in staat om op eigen benen te staan en heeft vergelijkingen met andere auteurs niet nodig .,output_part00038.sents.gz,18361_5.p.2.s.11
1,,1,,"Het boek is onderverdeeld in hoofdstukken met de namen van de honderd helderste hemelobjecten , in volgorde van toenemende helderheid .",output_part00176.sents.gz,83325_5.p.1.s.9
2,,1+,,"Een beeld dat bij mij erg stevig binnenkomt , omdat Roth het niet oproept via filosofische analyses en abstracties , maar met de aandachtige beschrijving van een concreet leven met een concrete tragiek .",output_part00140.sents.gz,72687_5.p.4.s.11
,,,,""" Ik stuur ze hem in rook achterna , je moeder gooit herinneringen één voor één in een smullend vuurtje .",output_part00288.sents.gz,63684_5.p.3.s.1
,,,,Hij woont in Nottinghamshire met zijn echtgenote en twee kinderen .,output_part00218.sents.gz,34637_5.p.7.s.2
,,,,"Helen gaat op bezoek bij de ongelukkige automobilist Colin Patterson die de illegaal heeft aangereden , eenmaal daar vindt ze aanwijzingen die Patterson wel heel verdacht maken .",output_part00186.sents.gz,51542_5.p.3.s.20
2+,,5+,,De mix maakt dit een aansprekend boek voor liefhebbers van meerdere genres .,output_part00031.sents.gz,195_5.p.1.s.5
,,3,,"Al bekende figuren uit de de Myron Bolitair boeken komen weer in het boek voor , zoals Esperanza , Big Cindy , maar ook de vrienden van Mickey : Ema en Spoon ) .",output_part00037.sents.gz,19615_5.p.6.s.1
,,,,Grigori speelt met de dood en of wordt gedwongen met de dood te spelen en denkt dat hij hem de baas kan zijn .,output_part00068.sents.gz,53527_5.p.6.s.9
,,,,"Maar als de vrouw de volgende dag onder verdachte omstandigheden dood wordt aangetroffen , realiseert hij zich dat het bloedserieus was .",output_part00046.sents.gz,2615_5.p.1.s.10
,,,,Karin Meinen - Samenlezenisleuker .,output_part00187.sents.gz,70827_5.p.12.s.1
5+,2,5,2,Het geheel is een geweldig epos van ruim 2500 bladzijden geworden wat zich afspeelt in een post-apocalyptische wereld .,output_part00072.sents.gz,27677_5.p.2.s.5
,,,,Ze zoeken antwoorden maar stuiten op een lang gekoesterd familiegeheim .,output_part00182.sents.gz,88497_5.p.1.s.5
,,,,Bij jongeren werd hun complete geheugen gewist en vervangen door leugens .,output_part00118.sents.gz,33802_5.p.1.s.4
,,,,Kader kon ontsnappen toen agenten hun huis binnenvielen .,output_part00071.sents.gz,89860_5.p.1.s.15
,,,,Ik werd er al voor gewaarschuwd maar ik heb inderdaad wel een paar tranen gelaten .,output_part00186.sents.gz,23863_5.p.1.s.3
,,,,Twee stellen die weinig met elkaar gemeen hebben en die woorden gescheiden door levensjaren en -ervaring .,output_part00252.sents.gz,45779_5.p.4.s.3
2+,,,,Ik vond dit bijzonder om te zien .,output_part00126.sents.gz,35963_5.p.3.s.5
,,,,Een samenleving waar mensen strijden voor hun bestaan .,output_part00192.sents.gz,23752_5.p.1.s.19
,,5+,,Alleen al hiervoor verdient de schrijver alle lof .,output_part00295.sents.gz,23715_5.p.4.s.7
,,2+,,Eva neemt je mee in naar Frankrijk en laat je genieten van het prachtige verhaal in een mooie omgeving .,output_part00091.sents.gz,90232_5.p.2.s.1
1,,1+,,De auteur is er in geslaagd om bijna op dichterlijke wijze een inkijk op de gedachtegang van opa te geven .,output_part00362.sents.gz,28336_5.p.1.s.7
,,,,"Vreemde krachten trekken de schilder steeds naar een holte in het bos , voorwerpen in huis lijken te verdwijnen en het schilderij blijft hem op een angstaanjagende manier in zijn greep houden .",output_part00341.sents.gz,44336_5.p.1.s.5
,,,,De luxe om me schuldig te voelen over futiliteiten was een fotoalbum in mijn hoofd geworden .,output_part00053.sents.gz,5423_5.p.2.s.2
3,,3+,,Dit komt omdat Nesser als geen ander sterke personages weet neer te zetten die als het ware tot leven komen .,output_part00165.sents.gz,54625_5.p.1.s.3
,,,,Zij groeide op in een omgeving met bloemisten .,output_part00188.sents.gz,65346_5.p.2.s.2
5+,,2+,,De schrijfster Lydia van Houten heeft hiermee een pracht van een spannend verhaal neergezet .,output_part00129.sents.gz,83561_5.p.3.s.1
,,2+,,Er volgen hilarische taferelen van een hysterische moeder die de computer van Frank uit het raam dreigt te gooien .,output_part00252.sents.gz,50218_5.p.1.s.6
2+,,5+,,Overigens waren de hoofdstukken voor de cliffhanger ook al erg spannend .,output_part00057.sents.gz,12075_5.p.7.s.4
5+,,5+,,Een boek wat je pakt vanaf de eerste bladzijde en je niet meer loslaat tot de laatste .,output_part00306.sents.gz,38435_5.p.3.s.2
,,,,"Toen op mijn twintigste mijn dochter geboren werd , ontdekte ik dat een mens een emotievol wezen is .",output_part00037.sents.gz,9469_5.p.2.s.4
5+,2,1+,,Het boek leest prettig en ik zat regelmatig met tranen in mijn ogen en was diep geraakt .,output_part00075.sents.gz,22342_5.p.3.s.29
,,,,Wat weten we van de dingen die ons verteld worden en van de dingen die ons niet verteld worden ?,output_part00374.sents.gz,34337_5.p.6.s.2
5+,,5+,,"Spannend , origineel en bijzonder .",output_part00259.sents.gz,26912_5.p.2.s.10
2,,,,Dit krijgt Lillie te horen en is ook een boodschap die de auteur aan zijn lezers wil meegeven .,output_part00210.sents.gz,28818_5.p.3.s.1
5+,,5+,,"Het is een goed vervolg op ‘ Drie vrienden , een huis ( en een klusjesman ) maar je kunt dit boek ook heel goed afzonderlijk lezen .",output_part00190.sents.gz,80528_5.p.3.s.2
2,,1,,"En dit moet ik nu gaan uitleggen zonder te veel te spoilen ; ) De "" hoofdstukken "" zijn geschreven aan overleden beroemdheden , zoals Kurt Cobain .",output_part00223.sents.gz,52136_5.p.1.s.2
4+,,4+,,Een uitnodigend geel omslag lacht de jonge lezer tegemoet .,output_part00044.sents.gz,3421_5.p.1.s.8
,,,,Ondanks dat Harry Hole een eenling is en het feit dat hij misschien niet de beste vader of echtgenoot is hij toch een man die te vertrouwen is op wat hij zegt .,output_part00174.sents.gz,67986_5.p.24.s.6
5+,,2+,,"Na het lezen vond ik het gegeven op zich eigenlijk heel eenvoudig , maar je moet ermaar opkomen en er dan ook nog zo'n spannende pageturner van kunnen maken .",output_part00198.sents.gz,23607_5.p.1.s.13
2+,,2+,,"Begint meteen spannend , heerlijk !",output_part00036.sents.gz,11283_5.p.1.s.2
,,,,( Bron : https://nl.wikipedia.org/wiki/Karel_%C4%8Capek ),output_part00361.sents.gz,80764_5.p.21.s.6
5+,,5+,,"Prachtig boek , ook voor iemand die niet echt houdt van lezen .",output_part00182.sents.gz,73075_5.p.1.s.1
,,,,"Na eerst onder de indruk te zijn geweest van Misterioso ( Dahls 2e boek , maar 1e in vertellijn ) vervolgd Kentucky killer min of meer op de zelfde voet .",output_part00244.sents.gz,40355_5.p.1.s.2
2,,,,Hij moet 3 moordzaken oplossen .,output_part00176.sents.gz,78647_5.p.1.s.2
2+,,,,Zoiets maak je zelden mee met een boek .,output_part00053.sents.gz,15475_5.p.5.s.3
,,5+,,Gevoelig is het hoofdstuk waarin ze vertelt over vrienden die ongewenst kinderloos zijn en zij zich bijna schuldig over haar eigen zwangerschapsgeluk voelt .,output_part00056.sents.gz,7011_5.p.3.s.1
,,,,Verveling is hier echter niet aan de orde .,output_part00369.sents.gz,66140_5.p.2.s.4
,,,,"En volgens het dankwoord van de schrijfster in het boek , wordt het vervolgd !",output_part00353.sents.gz,53593_5.p.5.s.7
2+,,2+,,"Wanneer ik dan de inhoud bekijk en de prachtige boodschap meekrijg , smelt ik helemaal .",output_part00237.sents.gz,83038_5.p.3.s.5
2,,5+,3,"Onder druk is een zinderende , harde actiethriller waarin hoofdpersoon Sil Maier wederom op geheel eigen wijze in moet grijpen in de levens van de personen van wie hij houdt en Susan Staal op zoek gaat naar haar doodgewaande moeder .",output_part00377.sents.gz,42253_5.p.1.s.1
2,,1+,,"Een ellendige novemberavond , met een motregen die de dappersten van de straat veegt ” is de rijke openingszin .",output_part00096.sents.gz,80919_5.p.2.s.2
,,,,Ondertussen komt ze er ook achter dat ze liever barista is dan psycholoog en droomt ze van haar eigen taartenwinkel .,output_part00030.sents.gz,6431_5.p.1.s.3
,,,,Quenby heeft in haar eigen leven ook al het menige meegemaakt en voelt zich aangetrokken tot dit verhaal en doet er alles aan om Brigitte te vinden .,output_part00060.sents.gz,745_5.p.4.s.1
1,,1+,,Sommige zinnen zijn zelfs haast poëtisch .,output_part00140.sents.gz,62736_5.p.2.s.2
5+,,5+,1+,"Maar The childrens book is volgens mij minstens even goed : ongelofelijk rijk , met enorme diepgang , ondanks de ruim 700 bladzijden heel compact en geserreerd .",output_part00383.sents.gz,84416_5.p.1.s.2
,,,,Lucian heeft ook echt prachtige magische krachten .,output_part00364.sents.gz,59627_5.p.5.s.3
,,,,"Naima , Ralph , Loïs en Jonas gaan samen hun klas op werkweek naar Londen .",output_part00318.sents.gz,85634_5.p.1.s.2
,,1+,,Daphne heeft het mooi beschreven .,output_part00130.sents.gz,78584_5.p.1.s.6
,,,,De Klauw is het eerste deel van de nieuwe Magycker serie van Adrian Sone .,output_part00118.sents.gz,50884_5.p.1.s.1
,,,,Hij is de eerste die ziet dat zij zwanger is .,output_part00071.sents.gz,66469_5.p.2.s.8
,,,,Wat heeft de leider voor verleden en waarom lijkt hij gefixeerd op Jules ?,output_part00065.sents.gz,22153_5.p.1.s.7
5+,2,2+,,"Ik werd helemaal meegezogen in dit prachtige , droevige verhaal , temeer omdat het deels afspeelt in St Malo , het stadje waar ik al sinds 1974 kom en dat nog steeds een grote aantrekkingskracht op me heeft .",output_part00038.sents.gz,2809_5.p.1.s.2
1,,1+,,De schrijfstijl is zeer vlot .,output_part00296.sents.gz,54406_5.p.4.s.1
,,,,"Door Adrians geestesgesteldheid , een gevolg van een bordeelbezoek , is hij ontvankelijk voor zo'n personage .",output_part00061.sents.gz,6441_5.p.6.s.2
2+,,1+,,"Prachtig vind ik dat : hoe in een paar regels de mysterieuze sfeer van die straat wordt opgeroepen , en hoe die sfeer dan doorschemert in het ' ledig hart ' van die ik-figuur en dat hart helemaal vervult .",output_part00100.sents.gz,32351_5.p.2.s.3
,,,,"Orphans of a tragic father ( Pasha-Oedipus ) , the siblings ' fates are entwined with each other , and with power politics ( British animus for Muslims and Pakistanis , in Home Fire ) .",output_part00179.sents.gz,30767_5.p.2.s.4
2,,2+,,"Dit verhaal laat je meerdere keren lachen , en misschien loopt er ook wel eens een traan over je wang .",output_part00060.sents.gz,18951_5.p.1.s.9
,,,,De Verdoemenis is een dystopisch stukje van Luotisade .,output_part00150.sents.gz,39771_5.p.5.s.3
,,,,Anders was ik geen lezer maar schrijver geworden ...,output_part00281.sents.gz,27473_5.p.1.s.9
,,,,Even later wordt er op de deur geklopt en wordt ze gearresteerd wegens prostitutie .,output_part00102.sents.gz,53292_5.p.1.s.10
3,,3-,,Het komt niet vaak voor dat ik een boekpersonage een knal wil verkopen .,output_part00077.sents.gz,24065_5.p.3.s.8
2,,5,,"Het eerste wat me opvalt wanneer ik het boek open sla is , Hoofdstuk één , wauw , je waant je samen met Floor in de bosrijke omgeving van Adsum , het huis van haar zus Bente .",output_part00121.sents.gz,38688_5.p.4.s.2
,,,,En de laatste naam op de lijst is die van Wolf .,output_part00123.sents.gz,51643_5.p.1.s.4
5+,,5+,,Cam maakt van Wacht Op Mij een boek om verliefd op te worden !,output_part00215.sents.gz,77707_5.p.4.s.5
,,2+,,"De ontberingen van WOI , de indiaanse cultuur en zijn veranderingen , de culturen clash , vriendschap - verbond , innerlijke strijd en waanzin vertelt door Niska en Xavier in flahbacks hebben een onvergetelijke indruk op me gemaakt .",output_part00038.sents.gz,18963_5.p.3.s.1
2,,2+,,De ontknoping is soms in de letterlijke zin van het woord bloedstollend en uitermate spannend .,output_part00140.sents.gz,77593_5.p.3.s.1
2,,2,,Het boek begint bij het verhoor van Finn bij de franse politie na de verdwijning van zijn vriendin Layla .,output_part00305.sents.gz,85144_5.p.1.s.1
,,,,"Maar ja , probeer DAAR maar eens aan toe te komen met drie brullende koters om je heen .",output_part00191.sents.gz,26039_5.p.2.s.9